{
  "sampling_rate_hz": 125.0,
  "samples": 39918,
  "duration_s": 319.344,
  "bias_x": 0.06642096922267347,
  "bias_y": 0.052472188731629836,
  "noise_x": {
    "mean": 7.676275234143575e-18,
    "std": 0.029296314118696966,
    "variance": 0.0008582740209413632,
    "rms": 0.029296314118696966,
    "min": -1.1551552692226734,
    "max": 1.1246065307773265,
    "peak_to_peak": 2.2797618,
    "skewness": -0.9228146905352118,
    "kurtosis": 297.50141514127114,
    "percentile_25": -0.012582459222673474,
    "percentile_50": 0.0005780607773265278,
    "percentile_75": 0.010747560777326526,
    "percentile_95": 0.03347937077732653,
    "percentile_99": 0.053220160777326525,
    "noise_density": 0.003705723186513236,
    "autocorr_lag1": 0.6652874133186394
  },
  "noise_y": {
    "mean": 5.050766603335047e-18,
    "std": 0.011274794313509744,
    "variance": 0.00012712098681195167,
    "rms": 0.011274794313509744,
    "min": -0.6267496487316299,
    "max": 0.6881064112683701,
    "peak_to_peak": 1.3148560599999999,
    "skewness": -3.52170690902537,
    "kurtosis": 1546.3516145040671,
    "percentile_25": -0.002222913731629833,
    "percentile_50": -0.0016247067316298366,
    "percentile_75": 0.003160939268370161,
    "percentile_95": 0.007946584268370166,
    "percentile_99": 0.012732231268370163,
    "noise_density": 0.0014261612072242137,
    "autocorr_lag1": 0.1926041991166768
  },
  "allan_x": {
    "tau": [
      0.008,
      0.016,
      0.024,
      0.032,
      0.04,
      0.048,
      0.056,
      0.07200000000000001,
      0.088,
      0.10400000000000001,
      0.128,
      0.16,
      0.2,
      0.248,
      0.296,
      0.368,
      0.448,
      0.552,
      0.68,
      0.8320000000000001,
      1.016,
      1.248,
      1.528,
      1.872,
      2.2880000000000003,
      2.8000000000000003,
      3.432,
      4.2,
      5.144,
      6.296,
      7.704,
      9.432,
      11.544,
      14.128,
      17.288,
      21.16,
      25.904,
      31.704,
      38.808,
      47.496,
      58.128,
      71.152,
      87.08,
      106.584,
      130.456,
      159.672
    ],
    "allan_dev": [
      0.01694939385983468,
      0.021768220023593115,
      0.02574938160820668,
      0.02555930314070386,
      0.027140209739657216,
      0.019752527194832222,
      0.017554430085014394,
      0.011233948630024467,
      0.010871864807424598,
      0.010779360003580407,
      0.007304200565913928,
      0.004375145773243323,
      0.0042700026455818165,
      0.0028525409998092816,
      0.003715486312254982,
      0.0018580948888401662,
      0.0016723407781530908,
      0.0014256541305823372,
      0.0012552538314173016,
      0.0008797511220202947,
      0.0009835221181366844,
      0.0007363159868048367,
      0.0007920021998469302,
      0.0006432997056486205,
      0.0005420488332555123,
      0.0007561283999046188,
      0.0005110856598892531,
      0.0005280678992179509,
      0.0005733223769127699,
      0.0006115739482830157,
      0.0006851963300480134,
      0.0007262511182576144,
      0.0008521312456775701,
      0.0009204000260740453,
      0.0009560273684519303,
      0.0012535367820174195,
      0.0011726002118121759,
      0.0013365964041071087,
      0.0011392846139159198,
      0.0012063825241180202,
      0.0014773289748556434,
      0.0010945673501959602,
      0.0016196497528877098,
      0.0016608354570472755,
      0.0010997312403300675,
      0.00019650272980980152
    ]
  },
  "allan_y": {
    "tau": [
      0.008,
      0.016,
      0.024,
      0.032,
      0.04,
      0.048,
      0.056,
      0.07200000000000001,
      0.088,
      0.10400000000000001,
      0.128,
      0.16,
      0.2,
      0.248,
      0.296,
      0.368,
      0.448,
      0.552,
      0.68,
      0.8320000000000001,
      1.016,
      1.248,
      1.528,
      1.872,
      2.2880000000000003,
      2.8000000000000003,
      3.432,
      4.2,
      5.144,
      6.296,
      7.704,
      9.432,
      11.544,
      14.128,
      17.288,
      21.16,
      25.904,
      31.704,
      38.808,
      47.496,
      58.128,
      71.152,
      87.08,
      106.584,
      130.456,
      159.672
    ],
    "allan_dev": [
      0.010131091289014902,
      0.009391162678053509,
      0.008977773198094903,
      0.005029293867393375,
      0.004695496029015581,
      0.0038606298388746685,
      0.003850495298121484,
      0.0033033006356829506,
      0.00278567668860995,
      0.0022524100060271274,
      0.0016272751553636931,
      0.0011514327584978368,
      0.0011196669831927287,
      0.0009866347355135443,
      0.0009240862679828272,
      0.0008621373537122333,
      0.0006741569732099632,
      0.0007130105757310693,
      0.0006665814688318335,
      0.0004587195253771746,
      0.000569080291211773,
      0.00045881455579386784,
      0.00046276490743513696,
      0.00042781649998460404,
      0.0003452495178974872,
      0.0003152338974397735,
      0.0002649130253219823,
      0.0002521808028451379,
      0.0002465189155854416,
      0.00029003955042679254,
      0.00023166267032569273,
      0.0002468687423497945,
      0.000262818281684071,
      0.0003432943777724887,
      0.00036833533216322836,
      0.0004275478064786068,
      0.00031815680625698364,
      0.000394782734560039,
      0.0003052492048784443,
      0.0001866185160780654,
      0.0002176556995727274,
      0.00025153062772350737,
      0.00021150277941467784,
      0.00019947983406328626,
      0.00020881204798315654,
      0.000439927826507597
    ]
  }
}